<?xml version="1.0" encoding="UTF-8"?>
<project-private xmlns="http://www.netbeans.org/ns/project-private/1">
    <editor-bookmarks xmlns="http://www.netbeans.org/ns/editor-bookmarks/2" lastBookmarkId="0"/>
    <open-files xmlns="http://www.netbeans.org/ns/projectui-open-files/2">
        <group>
            <file>file:/F:/Xampp/htdocs/generic-dashboard/pages/add.php</file>
            <file>file:/F:/Xampp/htdocs/generic-dashboard/controller/tank_database.php</file>
            <file>file:/F:/Xampp/htdocs/generic-dashboard/pages/user.php</file>
            <file>file:/F:/Xampp/htdocs/generic-dashboard/pages/header_menu_left.php</file>
        </group>
    </open-files>
</project-private>
